Workbook

Sheet Projects_plans
A1: Project_ID | B1: Phase | C1: Unique_Key | D1: Start Date | E1: Planned_Duration | F1: Planned_Cost | G1: Planned_Delivrable
A2: 1 | B2: Phase 1 - Planning | C2: =_xlfn.CONCAT(A2,"_",B2) -> 1_Phase 1 - Planning | D2: 43116 | E2: 196 | F2: 50000 | G2: 10
A3: 1 | B3: Phase 2 - Initiation | C3: =_xlfn.CONCAT(A3,"_",B3) -> 1_Phase 2 - Initiation | D3: 43131 | E3: 15 | F3: 100000 | G3: 17
A4: 1 | B4: Phase 3 - Implementation | C4: =_xlfn.CONCAT(A4,"_",B4) -> 1_Phase 3 - Implementation | D4: 43207 | E4: 197 | F4: 150000 | G4: 26
A5: 1 | B5: Phase 4 - Manufacturing | C5: =_xlfn.CONCAT(A5,"_",B5) -> 1_Phase 4 - Manufacturing | D5: 43383 | E5: 61 | F5: 450000 | G5: 23
A6: 2 | B6: Phase 1 - Planning | C6: =_xlfn.CONCAT(A6,"_",B6) -> 2_Phase 1 - Planning | D6: 43130 | E6: 16 | F6: 100000 | G6: 6
A7: 2 | B7: Phase 2 - Initiation | C7: =_xlfn.CONCAT(A7,"_",B7) -> 2_Phase 2 - Initiation | D7: 43191 | E7: 109 | F7: 200000 | G7: 27
A8: 2 | B8: Phase 3 - Implementation | C8: =_xlfn.CONCAT(A8,"_",B8) -> 2_Phase 3 - Implementation | D8: 43257 | E8: 146 | F8: 300000 | G8: 18
A9: 2 | B9: Phase 4 - Manufacturing | C9: =_xlfn.CONCAT(A9,"_",B9) -> 2_Phase 4 - Manufacturing | D9: 43330 | E9: 94 | F9: 900000 | G9: 20
A10: 3 | B10: Phase 1 - Planning | C10: =_xlfn.CONCAT(A10,"_",B10) -> 3_Phase 1 - Planning | D10: 43162 | E10: 91 | F10: 50000 | G10: 26
A11: 3 | B11: Phase 2 - Initiation | C11: =_xlfn.CONCAT(A11,"_",B11) -> 3_Phase 2 - Initiation | D11: 43184 | E11: 77 | F11: 100000 | G11: 18
A12: 3 | B12: Phase 3 - Implementation | C12: =_xlfn.CONCAT(A12,"_",B12) -> 3_Phase 3 - Implementation | D12: 43218 | E12: 169 | F12: 150000 | G12: 21
A13: 3 | B13: Phase 4 - Manufacturing | C13: =_xlfn.CONCAT(A13,"_",B13) -> 3_Phase 4 - Manufacturing | D13: 43396 | E13: 61 | F13: 450000 | G13: 8
... A521: 104 | B521: Phase 4 - Manufacturing | C521: =_xlfn.CONCAT(A521,"_",B521) -> 104_Phase 4 - Manufacturing | D521: 43442 | E521: 191 | F521: 450000 | G521: 4

Sheet Project type
A1: Project_ID | B1: Project Type
A2: 1 | B2: Marketing - Launch of new product
A3: 2 | B3: Marketing - Launch of new product
A4: 3 | B4: Marketing - Launch of new product
A5: 4 | B5: Marketing - Launch of new product
A6: 5 | B6: Marketing - Launch of new product
A7: 6 | B7: Marketing - Launch of new product
A8: 7 | B8: Marketing - Launch of new product
A9: 8 | B9: Marketing - Launch of new product
A10: 9 | B10: Marketing - Launch of new product
A11: 10 | B11: Marketing - Launch of new product
A12: 11 | B12: Marketing - Launch of new product
A13: 12 | B13: Marketing - Launch of new product
... A105: 104 | B105: Marketing - Launch of new product

Sheet Actual_Costs
A1: Project_ID | B1: Phase | C1: Unique_Key | D1: Actual_Cost
A2: 1 | B2: Phase 1 - Planning | C2: =_xlfn.CONCAT(A2,"_",B2) -> 1_Phase 1 - Planning | D2: 59600 | E2: =D2-Projects_plans!F2 -> 9600
A3: 2 | B3: Phase 1 - Planning | C3: =_xlfn.CONCAT(A3,"_",B3) -> 2_Phase 1 - Planning | D3: 86700 | E3: =D3-Projects_plans!F3 -> -13300
A4: 3 | B4: Phase 1 - Planning | C4: =_xlfn.CONCAT(A4,"_",B4) -> 3_Phase 1 - Planning | D4: 65800 | E4: =D4-Projects_plans!F4 -> -84200
A5: 4 | B5: Phase 1 - Planning | C5: =_xlfn.CONCAT(A5,"_",B5) -> 4_Phase 1 - Planning | D5: 65100 | E5: =D5-Projects_plans!F5 -> -384900
A6: 5 | B6: Phase 1 - Planning | C6: =_xlfn.CONCAT(A6,"_",B6) -> 5_Phase 1 - Planning | D6: 52600 | E6: =D6-Projects_plans!F6 -> -47400
A7: 6 | B7: Phase 1 - Planning | C7: =_xlfn.CONCAT(A7,"_",B7) -> 6_Phase 1 - Planning | D7: 59000 | E7: =D7-Projects_plans!F7 -> -141000
A8: 7 | B8: Phase 1 - Planning | C8: =_xlfn.CONCAT(A8,"_",B8) -> 7_Phase 1 - Planning | D8: 99500 | E8: =D8-Projects_plans!F8 -> -200500
A9: 8 | B9: Phase 1 - Planning | C9: =_xlfn.CONCAT(A9,"_",B9) -> 8_Phase 1 - Planning | D9: 103500 | E9: =D9-Projects_plans!F9 -> -796500
A10: 9 | B10: Phase 1 - Planning | C10: =_xlfn.CONCAT(A10,"_",B10) -> 9_Phase 1 - Planning | D10: 120500 | E10: =D10-Projects_plans!F10 -> 70500
A11: 10 | B11: Phase 1 - Planning | C11: =_xlfn.CONCAT(A11,"_",B11) -> 10_Phase 1 - Planning | D11: 30400 | E11: =D11-Projects_plans!F11 -> -69600
A12: 11 | B12: Phase 1 - Planning | C12: =_xlfn.CONCAT(A12,"_",B12) -> 11_Phase 1 - Planning | D12: 115400 | E12: =D12-Projects_plans!F12 -> -34600
A13: 12 | B13: Phase 1 - Planning | C13: =_xlfn.CONCAT(A13,"_",B13) -> 12_Phase 1 - Planning | D13: 45200 | E13: =D13-Projects_plans!F13 -> -404800
... A521: 103 | B521: Phase F - Post-deployment | C521: =_xlfn.CONCAT(A521,"_",B521) -> 103_Phase F - Post-deployment | D521: 1900 | E521: =D521-Projects_plans!F521 -> -448100
E522: =SUM(E2:E521) -> 4092800

Sheet Actual_Duration
A1: Project_ID | B1: Phase | C1: Unique_Key | D1: Actual_Duration
A2: 1 | B2: Phase 1 - Planning | C2: =_xlfn.CONCAT(A2,"_",B2) -> 1_Phase 1 - Planning | D2: 196
A3: 1 | B3: Phase 2 - Initiation | C3: =_xlfn.CONCAT(A3,"_",B3) -> 1_Phase 2 - Initiation | D3: 7
A4: 1 | B4: Phase 3 - Implementation | C4: =_xlfn.CONCAT(A4,"_",B4) -> 1_Phase 3 - Implementation | D4: 176
A5: 1 | B5: Phase 4 - Manufacturing | C5: =_xlfn.CONCAT(A5,"_",B5) -> 1_Phase 4 - Manufacturing | D5: 64
A6: 2 | B6: Phase 1 - Planning | C6: =_xlfn.CONCAT(A6,"_",B6) -> 2_Phase 1 - Planning | D6: 16
A7: 2 | B7: Phase 2 - Initiation | C7: =_xlfn.CONCAT(A7,"_",B7) -> 2_Phase 2 - Initiation | D7: 66
A8: 2 | B8: Phase 3 - Implementation | C8: =_xlfn.CONCAT(A8,"_",B8) -> 2_Phase 3 - Implementation | D8: 73
A9: 2 | B9: Phase 4 - Manufacturing | C9: =_xlfn.CONCAT(A9,"_",B9) -> 2_Phase 4 - Manufacturing | D9: 148
A10: 3 | B10: Phase 1 - Planning | C10: =_xlfn.CONCAT(A10,"_",B10) -> 3_Phase 1 - Planning | D10: 124
A11: 3 | B11: Phase 2 - Initiation | C11: =_xlfn.CONCAT(A11,"_",B11) -> 3_Phase 2 - Initiation | D11: 34
A12: 3 | B12: Phase 3 - Implementation | C12: =_xlfn.CONCAT(A12,"_",B12) -> 3_Phase 3 - Implementation | D12: 178
A13: 3 | B13: Phase 4 - Manufacturing | C13: =_xlfn.CONCAT(A13,"_",B13) -> 3_Phase 4 - Manufacturing | D13: 127
... A521: 90 | B521: Phase C - Development | C521: =_xlfn.CONCAT(A521,"_",B521) -> 90_Phase C - Development | D521: 75

Sheet Actual_Delivrable
A1: Project_ID | B1: Phase | C1: Unique_Key | D1: Actual_Deliverables
A2: 1 | B2: Phase 1 - Planning | C2: =_xlfn.CONCAT(A2,"_",B2) -> 1_Phase 1 - Planning | D2: 10
A3: 1 | B3: Phase 2 - Initiation | C3: =_xlfn.CONCAT(A3,"_",B3) -> 1_Phase 2 - Initiation | D3: 16
A4: 1 | B4: Phase 3 - Implementation | C4: =_xlfn.CONCAT(A4,"_",B4) -> 1_Phase 3 - Implementation | D4: 25
A5: 1 | B5: Phase 4 - Manufacturing | C5: =_xlfn.CONCAT(A5,"_",B5) -> 1_Phase 4 - Manufacturing | D5: 23
A6: 2 | B6: Phase 1 - Planning | C6: =_xlfn.CONCAT(A6,"_",B6) -> 2_Phase 1 - Planning | D6: 6
A7: 2 | B7: Phase 2 - Initiation | C7: =_xlfn.CONCAT(A7,"_",B7) -> 2_Phase 2 - Initiation | D7: 23
A8: 2 | B8: Phase 3 - Implementation | C8: =_xlfn.CONCAT(A8,"_",B8) -> 2_Phase 3 - Implementation | D8: 15
A9: 2 | B9: Phase 4 - Manufacturing | C9: =_xlfn.CONCAT(A9,"_",B9) -> 2_Phase 4 - Manufacturing | D9: 19
A10: 3 | B10: Phase 1 - Planning | C10: =_xlfn.CONCAT(A10,"_",B10) -> 3_Phase 1 - Planning | D10: 26
A11: 3 | B11: Phase 2 - Initiation | C11: =_xlfn.CONCAT(A11,"_",B11) -> 3_Phase 2 - Initiation | D11: 16
A12: 3 | B12: Phase 3 - Implementation | C12: =_xlfn.CONCAT(A12,"_",B12) -> 3_Phase 3 - Implementation | D12: 18
A13: 3 | B13: Phase 4 - Manufacturing | C13: =_xlfn.CONCAT(A13,"_",B13) -> 3_Phase 4 - Manufacturing | D13: 8
... A521: 104 | B521: Phase 4 - Manufacturing | C521: =_xlfn.CONCAT(A521,"_",B521) -> 104_Phase 4 - Manufacturing | D521: 4

Sheet Projects_Locations
A1: Project_ID | B1: Country
A2: 1 | B2: Equateur
A3: 2 | B3: France
A4: 3 | B4: Liban
A5: 4 | B5: Egypte
A6: 5 | B6: Afrique du Sud
A7: 6 | B7: Albanie
A8: 7 | B8: Hollande
A9: 8 | B9: Allemagne
A10: 9 | B10: Belgique
A11: 10 | B11: Benin
A12: 11 | B12: Italie
A13: 12 | B13: Hongrie
... A105: 104 | B105: Bielorussie

Sheet Country_Profiles
A1: Country | B1: Region | C1: Type
A2: France | B2: Western Europe | C2: Affiliate
A3: Belgique | B3: Western Europe | C3: Affiliate
A4: Hollande | B4: Western Europe | C4: Affiliate
A5: Luxembourg | B5: Western Europe | C5: Affiliate
A6: Italie | B6: Western Europe | C6: Affiliate
A7: Japon | B7: Asia Pacific | C7: Affiliate
A8: Espagne | B8: Western Europe | C8: Affiliate
A9: Hongrie | B9: Central/Eastern Europe-Middle East-Africa | C9: Affiliate
A10: Pologne | B10: Central/Eastern Europe-Middle East-Africa | C10: Affiliate
A11: Republique Chèque | B11: Central/Eastern Europe-Middle East-Africa | C11: Affiliate
A12: Slovaquie | B12: Central/Eastern Europe-Middle East-Africa | C12: Affiliate
... A53: La Reunion | B53: Central/Eastern Europe-Middle East-Africa | C53: Affiliate
